-- ========================================
-- 非现场开户管理平台 - 数据库初始化脚本
-- ========================================

SET NAMES utf8mb4;
SET CHARACTER SET utf8mb4;

CREATE DATABASE IF NOT EXISTS opening_cms DEFAULT CHARACTER SET utf8mb4 COLLATE utf8mb4_unicode_ci;

USE opening_cms;
SET NAMES utf8mb4;

-- ----------------------------------------
-- 系统用户表
-- ----------------------------------------
DROP TABLE IF EXISTS `sys_user`;
CREATE TABLE `sys_user` (
    `id` BIGINT NOT NULL AUTO_INCREMENT PRIMARY KEY,
    `username` VARCHAR(50) NOT NULL UNIQUE COMMENT '登录用户名',
    `password` VARCHAR(100) NOT NULL COMMENT '密码（MD5加密）',
    `real_name` VARCHAR(50) NOT NULL COMMENT '真实姓名',
    `role` VARCHAR(20) NOT NULL DEFAULT 'operator' COMMENT '角色: admin-管理员, auditor-审核员, operator-操作员',
    `status` TINYINT NOT NULL DEFAULT 1 COMMENT '状态: 1-启用, 0-禁用',
    `phone` VARCHAR(20) COMMENT '联系电话',
    `email` VARCHAR(100) COMMENT '邮箱',
    `last_login_time` DATETIME COMMENT '最后登录时间',
    `last_login_ip` VARCHAR(50) COMMENT '最后登录IP',
    `create_time` DATETIME NOT NULL DEFAULT CURRENT_TIMESTAMP,
    `update_time` DATETIME NOT NULL DEFAULT CURRENT_TIMESTAMP ON UPDATE CURRENT_TIMESTAMP,
    INDEX `idx_username` (`username`),
    INDEX `idx_status` (`status`)
) ENGINE=InnoDB DEFAULT CHARSET=utf8mb4 COMMENT='系统用户表';

-- ----------------------------------------
-- 客户信息表
-- ----------------------------------------
DROP TABLE IF EXISTS `customer`;
CREATE TABLE `customer` (
    `id` BIGINT NOT NULL AUTO_INCREMENT PRIMARY KEY,
    `customer_no` VARCHAR(32) NOT NULL UNIQUE COMMENT '客户编号',
    `real_name` VARCHAR(50) NOT NULL COMMENT '真实姓名',
    `id_type` VARCHAR(20) NOT NULL DEFAULT 'ID_CARD' COMMENT '证件类型: ID_CARD-身份证, PASSPORT-护照, OTHER-其他',
    `id_no` VARCHAR(50) NOT NULL COMMENT '证件号码',
    `gender` CHAR(1) COMMENT '性别: M-男, F-女',
    `birth_date` DATE COMMENT '出生日期',
    `phone` VARCHAR(20) NOT NULL COMMENT '手机号码',
    `email` VARCHAR(100) COMMENT '邮箱',
    `address` VARCHAR(255) COMMENT '联系地址',
    `occupation` VARCHAR(50) COMMENT '职业',
    `nationality` VARCHAR(50) DEFAULT '中国' COMMENT '国籍',
    `status` TINYINT NOT NULL DEFAULT 0 COMMENT '客户状态: 0-待审核, 1-审核通过, 2-审核拒绝, 3-已冻结',
    `audit_status` TINYINT NOT NULL DEFAULT 0 COMMENT '审核状态: 0-待审核, 1-审核中, 2-已通过, 3-已拒绝',
    `id_verified` TINYINT NOT NULL DEFAULT 0 COMMENT '身份认证: 0-未认证, 1-已认证',
    `face_verified` TINYINT NOT NULL DEFAULT 0 COMMENT '人脸认证: 0-未认证, 1-已认证',
    `remark` VARCHAR(500) COMMENT '备注',
    `create_by` BIGINT COMMENT '创建人ID',
    `create_time` DATETIME NOT NULL DEFAULT CURRENT_TIMESTAMP,
    `update_time` DATETIME NOT NULL DEFAULT CURRENT_TIMESTAMP ON UPDATE CURRENT_TIMESTAMP,
    INDEX `idx_customer_no` (`customer_no`),
    INDEX `idx_id_no` (`id_no`),
    INDEX `idx_phone` (`phone`),
    INDEX `idx_status` (`status`),
    INDEX `idx_audit_status` (`audit_status`)
) ENGINE=InnoDB DEFAULT CHARSET=utf8mb4 COMMENT='客户信息表';

-- ----------------------------------------
-- 账户表
-- ----------------------------------------
DROP TABLE IF EXISTS `account`;
CREATE TABLE `account` (
    `id` BIGINT NOT NULL AUTO_INCREMENT PRIMARY KEY,
    `account_no` VARCHAR(32) NOT NULL UNIQUE COMMENT '账户编号',
    `customer_id` BIGINT NOT NULL COMMENT '客户ID',
    `account_type` VARCHAR(20) NOT NULL DEFAULT 'NORMAL' COMMENT '账户类型: NORMAL-普通账户, VIP-VIP账户',
    `balance` DECIMAL(18,2) NOT NULL DEFAULT 0.00 COMMENT '账户余额',
    `frozen_balance` DECIMAL(18,2) NOT NULL DEFAULT 0.00 COMMENT '冻结余额',
    `available_balance` DECIMAL(18,2) NOT NULL DEFAULT 0.00 COMMENT '可用余额',
    `currency` VARCHAR(10) NOT NULL DEFAULT 'CNY' COMMENT '币种',
    `status` TINYINT NOT NULL DEFAULT 0 COMMENT '账户状态: 0-待激活, 1-正常, 2-冻结, 3-销户',
    `open_way` VARCHAR(20) NOT NULL DEFAULT 'ONLINE' COMMENT '开户方式: ONLINE-线上, OFFLINE-线下',
    `open_channel` VARCHAR(50) COMMENT '开户渠道: APP, WEB, H5等',
    `open_time` DATETIME COMMENT '开户时间',
    `close_time` DATETIME COMMENT '销户时间',
    `last_trans_time` DATETIME COMMENT '最后交易时间',
    `remark` VARCHAR(500) COMMENT '备注',
    `create_time` DATETIME NOT NULL DEFAULT CURRENT_TIMESTAMP,
    `update_time` DATETIME NOT NULL DEFAULT CURRENT_TIMESTAMP ON UPDATE CURRENT_TIMESTAMP,
    INDEX `idx_account_no` (`account_no`),
    INDEX `idx_customer_id` (`customer_id`),
    INDEX `idx_status` (`status`)
) ENGINE=InnoDB DEFAULT CHARSET=utf8mb4 COMMENT='账户表';

-- ----------------------------------------
-- 审核记录表
-- ----------------------------------------
DROP TABLE IF EXISTS `audit_record`;
CREATE TABLE `audit_record` (
    `id` BIGINT NOT NULL AUTO_INCREMENT PRIMARY KEY,
    `customer_id` BIGINT NOT NULL COMMENT '客户ID',
    `audit_type` VARCHAR(20) NOT NULL COMMENT '审核类型: CUSTOMER_INFO-客户信息, ID_VERIFY-身份认证, OPEN_ACCOUNT-开户审核',
    `audit_status` TINYINT NOT NULL DEFAULT 0 COMMENT '审核状态: 0-待审核, 1-审核通过, 2-审核拒绝',
    `audit_result` VARCHAR(500) COMMENT '审核意见',
    `audit_by` BIGINT COMMENT '审核人ID',
    `audit_time` DATETIME COMMENT '审核时间',
    `create_time` DATETIME NOT NULL DEFAULT CURRENT_TIMESTAMP,
    INDEX `idx_customer_id` (`customer_id`),
    INDEX `idx_audit_status` (`audit_status`)
) ENGINE=InnoDB DEFAULT CHARSET=utf8mb4 COMMENT='审核记录表';

-- ----------------------------------------
-- 营业部表
-- ----------------------------------------
DROP TABLE IF EXISTS `department`;
CREATE TABLE `department` (
    `id` BIGINT NOT NULL AUTO_INCREMENT PRIMARY KEY,
    `dept_no` VARCHAR(32) NOT NULL UNIQUE COMMENT '营业部编号',
    `dept_name` VARCHAR(100) NOT NULL COMMENT '营业部名称',
    `address` VARCHAR(255) NOT NULL COMMENT '营业部地址',
    `phone` VARCHAR(20) NOT NULL COMMENT '营业部电话',
    `introduction` VARCHAR(500) COMMENT '营业部介绍',
    `province` VARCHAR(50) NOT NULL COMMENT '所在省',
    `city` VARCHAR(50) NOT NULL COMMENT '所在市',
    `status` TINYINT NOT NULL DEFAULT 1 COMMENT '状态: 1-启用, 0-禁用',
    `create_by` BIGINT COMMENT '创建人ID',
    `create_time` DATETIME NOT NULL DEFAULT CURRENT_TIMESTAMP,
    `update_time` DATETIME NOT NULL DEFAULT CURRENT_TIMESTAMP ON UPDATE CURRENT_TIMESTAMP,
    INDEX `idx_dept_no` (`dept_no`),
    INDEX `idx_dept_name` (`dept_name`),
    INDEX `idx_province` (`province`),
    INDEX `idx_city` (`city`),
    INDEX `idx_status` (`status`)
) ENGINE=InnoDB DEFAULT CHARSET=utf8mb4 COMMENT='营业部表';

-- ----------------------------------------
-- 操作日志表
-- ----------------------------------------
DROP TABLE IF EXISTS `operation_log`;
CREATE TABLE `operation_log` (
    `id` BIGINT NOT NULL AUTO_INCREMENT PRIMARY KEY,
    `user_id` BIGINT COMMENT '操作人ID',
    `username` VARCHAR(50) COMMENT '操作人用户名',
    `operation` VARCHAR(100) NOT NULL COMMENT '操作内容',
    `method` VARCHAR(200) COMMENT '请求方法',
    `params` TEXT COMMENT '请求参数',
    `ip` VARCHAR(50) COMMENT '操作IP',
    `status` TINYINT NOT NULL DEFAULT 1 COMMENT '状态: 1-成功, 0-失败',
    `error_msg` VARCHAR(500) COMMENT '错误信息',
    `cost_time` INT COMMENT '耗时（毫秒）',
    `create_time` DATETIME NOT NULL DEFAULT CURRENT_TIMESTAMP,
    INDEX `idx_user_id` (`user_id`),
    INDEX `idx_create_time` (`create_time`)
) ENGINE=InnoDB DEFAULT CHARSET=utf8mb4 COMMENT='操作日志表';

-- ----------------------------------------
-- 初始化数据
-- ----------------------------------------

-- 系统用户 (密码为 MD5(admin123) = 0192023a7bbd73250516f069df18b500)
INSERT INTO `sys_user` (`username`, `password`, `real_name`, `role`, `status`, `phone`, `email`) VALUES
('admin', '0192023a7bbd73250516f069df18b500', '系统管理员', 'admin', 1, '13800000001', 'admin@opening.com'),
('auditor01', '0192023a7bbd73250516f069df18b500', '审核员01', 'auditor', 1, '13800000002', 'auditor01@opening.com'),
('operator01', '0192023a7bbd73250516f069df18b500', '操作员01', 'operator', 1, '13800000003', 'operator01@opening.com');

-- 示例客户数据
INSERT INTO `customer` (`customer_no`, `real_name`, `id_type`, `id_no`, `gender`, `birth_date`, `phone`, `email`, `address`, `occupation`, `status`, `audit_status`, `id_verified`, `face_verified`) VALUES
('C202606180001', '张三', 'ID_CARD', '110101199001011234', 'M', '1990-01-01', '13900001111', 'zhangsan@example.com', '北京市朝阳区建国路88号', 'IT工程师', 1, 2, 1, 1),
('C202606180002', '李四', 'ID_CARD', '310101199205152345', 'F', '1992-05-15', '13900002222', 'lisi@example.com', '上海市浦东新区陆家嘴环路1000号', '金融分析师', 1, 2, 1, 1),
('C202606180003', '王五', 'ID_CARD', '440101198812203456', 'M', '1988-12-20', '13900003333', 'wangwu@example.com', '广州市天河区珠江新城', '教师', 0, 0, 0, 0),
('C202606180004', '赵六', 'ID_CARD', '510101199508084567', 'F', '1995-08-08', '13900004444', 'zhaoliu@example.com', '成都市武侯区天府大道', '医生', 0, 1, 1, 0);

-- 示例账户数据
INSERT INTO `account` (`account_no`, `customer_id`, `account_type`, `balance`, `frozen_balance`, `available_balance`, `currency`, `status`, `open_way`, `open_channel`, `open_time`) VALUES
('A202606180001', 1, 'NORMAL', 100000.00, 0.00, 100000.00, 'CNY', 1, 'ONLINE', 'WEB', '2026-06-10 09:30:00'),
('A202606180002', 1, 'VIP', 500000.00, 10000.00, 490000.00, 'CNY', 1, 'ONLINE', 'APP', '2026-06-12 14:20:00'),
('A202606180003', 2, 'NORMAL', 50000.00, 0.00, 50000.00, 'CNY', 1, 'ONLINE', 'H5', '2026-06-15 10:45:00');

-- 示例审核记录
INSERT INTO `audit_record` (`customer_id`, `audit_type`, `audit_status`, `audit_result`, `audit_by`, `audit_time`) VALUES
(1, 'CUSTOMER_INFO', 1, '客户信息完整，身份认证通过', 2, '2026-06-10 09:25:00'),
(1, 'OPEN_ACCOUNT', 1, '开户申请审核通过', 2, '2026-06-10 09:28:00'),
(2, 'CUSTOMER_INFO', 1, '资料齐全，审核通过', 2, '2026-06-15 10:40:00');

-- 示例营业部数据
INSERT INTO `department` (`dept_no`, `dept_name`, `address`, `phone`, `introduction`, `province`, `city`, `status`, `create_by`) VALUES
('D202606180001', '北京朝阳营业部', '北京市朝阳区建国路88号SOHO现代城A座1层', '010-88888888', '北京朝阳营业部成立于2010年，是公司在华北地区的核心营业部，致力于为客户提供专业、高效的金融服务。', '北京市', '北京市', 1, 1),
('D202606180002', '上海浦东营业部', '上海市浦东新区陆家嘴环路1000号恒生银行大厦5层', '021-66666666', '上海浦东营业部位于金融中心陆家嘴，拥有专业的服务团队，为客户提供全方位的投资理财服务。', '上海市', '上海市', 1, 1),
('D202606180003', '广州天河营业部', '广州市天河区珠江新城华夏路10号富力中心3层', '020-33333333', '广州天河营业部是公司在华南地区的重要网点，服务范围覆盖珠三角地区，为客户提供优质的金融服务体验。', '广东省', '广州市', 1, 1),
('D202606180004', '深圳南山营业部', '深圳市南山区科技园南区深南大道9996号松日鼎盛大厦8层', '0755-22222222', '深圳南山营业部紧邻科技园，专注服务科创企业和高净值客户，提供创新型金融产品和服务。', '广东省', '深圳市', 1, 1),
('D202606180005', '成都武侯营业部', '成都市武侯区天府大道北段1480号拉德方斯大厦6层', '028-88888888', '成都武侯营业部是公司在西南地区的重要布局，为四川及周边地区客户提供专业的投资理财服务。', '四川省', '成都市', 0, 1);

-- ----------------------------------------
-- 行政区划表
-- ----------------------------------------
DROP TABLE IF EXISTS `district`;
DROP TABLE IF EXISTS `city`;
DROP TABLE IF EXISTS `province`;

-- ----------------------------------------
-- 省份表
-- ----------------------------------------
CREATE TABLE `province` (
    `id` BIGINT NOT NULL AUTO_INCREMENT PRIMARY KEY,
    `province_code` VARCHAR(20) NOT NULL UNIQUE COMMENT '省份代码',
    `province_name` VARCHAR(100) NOT NULL COMMENT '省份名称',
    `sort` INT NOT NULL DEFAULT 0 COMMENT '排序',
    `status` TINYINT NOT NULL DEFAULT 1 COMMENT '状态: 1-启用, 0-禁用',
    `create_time` DATETIME NOT NULL DEFAULT CURRENT_TIMESTAMP,
    `update_time` DATETIME NOT NULL DEFAULT CURRENT_TIMESTAMP ON UPDATE CURRENT_TIMESTAMP,
    INDEX `idx_province_code` (`province_code`),
    INDEX `idx_status` (`status`)
) ENGINE=InnoDB DEFAULT CHARSET=utf8mb4 AUTO_INCREMENT=1000 COMMENT='省份表';

-- 省份数据
INSERT INTO `province` (`id`, `province_code`, `province_name`, `sort`, `status`) VALUES
(1, '110000', '北京市', 1, 1),
(2, '120000', '天津市', 2, 1),
(3, '130000', '河北省', 3, 1),
(4, '140000', '山西省', 4, 1),
(5, '150000', '内蒙古自治区', 5, 1),
(6, '210000', '辽宁省', 6, 1),
(7, '220000', '吉林省', 7, 1),
(8, '230000', '黑龙江省', 8, 1),
(9, '310000', '上海市', 9, 1),
(10, '320000', '江苏省', 10, 1),
(11, '330000', '浙江省', 11, 1),
(12, '340000', '安徽省', 12, 1),
(13, '350000', '福建省', 13, 1),
(14, '360000', '江西省', 14, 1),
(15, '370000', '山东省', 15, 1),
(16, '410000', '河南省', 16, 1),
(17, '420000', '湖北省', 17, 1),
(18, '430000', '湖南省', 18, 1),
(19, '440000', '广东省', 19, 1),
(20, '450000', '广西壮族自治区', 20, 1),
(21, '460000', '海南省', 21, 1),
(22, '500000', '重庆市', 22, 1),
(23, '510000', '四川省', 23, 1),
(24, '520000', '贵州省', 24, 1),
(25, '530000', '云南省', 25, 1),
(26, '540000', '西藏自治区', 26, 1),
(27, '610000', '陕西省', 27, 1),
(28, '620000', '甘肃省', 28, 1),
(29, '630000', '青海省', 29, 1),
(30, '640000', '宁夏回族自治区', 30, 1),
(31, '650000', '新疆维吾尔自治区', 31, 1),
(32, '710000', '台湾省', 32, 1),
(33, '810000', '香港特别行政区', 33, 1),
(34, '820000', '澳门特别行政区', 34, 1);

-- ----------------------------------------
-- 城市表
-- ----------------------------------------
CREATE TABLE `city` (
    `id` BIGINT NOT NULL AUTO_INCREMENT PRIMARY KEY,
    `city_code` VARCHAR(20) NOT NULL UNIQUE COMMENT '城市代码',
    `city_name` VARCHAR(100) NOT NULL COMMENT '城市名称',
    `province_id` BIGINT NOT NULL COMMENT '所属省份ID',
    `sort` INT NOT NULL DEFAULT 0 COMMENT '排序',
    `status` TINYINT NOT NULL DEFAULT 1 COMMENT '状态: 1-启用, 0-禁用',
    `create_time` DATETIME NOT NULL DEFAULT CURRENT_TIMESTAMP,
    `update_time` DATETIME NOT NULL DEFAULT CURRENT_TIMESTAMP ON UPDATE CURRENT_TIMESTAMP,
    INDEX `idx_city_code` (`city_code`),
    INDEX `idx_province_id` (`province_id`),
    INDEX `idx_status` (`status`)
) ENGINE=InnoDB DEFAULT CHARSET=utf8mb4 AUTO_INCREMENT=10000 COMMENT='城市表';

-- 城市数据
INSERT INTO `city` (`id`, `city_code`, `city_name`, `province_id`, `sort`, `status`) VALUES
(10001, '110100', '市辖区', 1, 1, 1),
(10002, '120100', '市辖区', 2, 1, 1),
(10003, '130100', '石家庄市', 3, 1, 1),
(10004, '130200', '唐山市', 3, 2, 1),
(10005, '130300', '秦皇岛市', 3, 3, 1),
(10006, '130400', '邯郸市', 3, 4, 1),
(10007, '130500', '邢台市', 3, 5, 1),
(10008, '130600', '保定市', 3, 6, 1),
(10009, '130700', '张家口市', 3, 7, 1),
(10010, '130800', '承德市', 3, 8, 1),
(10011, '130900', '沧州市', 3, 9, 1),
(10012, '131000', '廊坊市', 3, 10, 1),
(10013, '131100', '衡水市', 3, 11, 1),
(10014, '140100', '太原市', 4, 1, 1),
(10015, '140200', '大同市', 4, 2, 1),
(10016, '140300', '阳泉市', 4, 3, 1),
(10017, '140400', '长治市', 4, 4, 1),
(10018, '140500', '晋城市', 4, 5, 1),
(10019, '140600', '朔州市', 4, 6, 1),
(10020, '140700', '晋中市', 4, 7, 1),
(10021, '140800', '运城市', 4, 8, 1),
(10022, '140900', '忻州市', 4, 9, 1),
(10023, '141000', '临汾市', 4, 10, 1),
(10024, '141100', '吕梁市', 4, 11, 1),
(10025, '210100', '沈阳市', 6, 1, 1),
(10026, '310100', '市辖区', 9, 1, 1),
(10027, '320100', '南京市', 10, 1, 1),
(10028, '330100', '杭州市', 11, 1, 1),
(10029, '350100', '福州市', 13, 1, 1),
(10030, '370100', '济南市', 15, 1, 1),
(10031, '410100', '郑州市', 16, 1, 1),
(10032, '420100', '武汉市', 17, 1, 1),
(10033, '430100', '长沙市', 18, 1, 1),
(10034, '440100', '广州市', 19, 1, 1),
(10035, '440300', '深圳市', 19, 2, 1),
(10036, '450100', '南宁市', 20, 1, 1),
(10037, '500100', '市辖区', 22, 1, 1),
(10038, '500200', '县', 22, 2, 1),
(10039, '510100', '成都市', 23, 1, 1),
(10040, '520100', '贵阳市', 24, 1, 1),
(10041, '530100', '昆明市', 25, 1, 1),
(10042, '610100', '西安市', 27, 1, 1);

-- ----------------------------------------
-- 区县表
-- ----------------------------------------
CREATE TABLE `district` (
    `id` BIGINT NOT NULL AUTO_INCREMENT PRIMARY KEY,
    `district_code` VARCHAR(20) NOT NULL UNIQUE COMMENT '区县代码',
    `district_name` VARCHAR(100) NOT NULL COMMENT '区县名称',
    `city_id` BIGINT NOT NULL COMMENT '所属城市ID',
    `sort` INT NOT NULL DEFAULT 0 COMMENT '排序',
    `status` TINYINT NOT NULL DEFAULT 1 COMMENT '状态: 1-启用, 0-禁用',
    `create_time` DATETIME NOT NULL DEFAULT CURRENT_TIMESTAMP,
    `update_time` DATETIME NOT NULL DEFAULT CURRENT_TIMESTAMP ON UPDATE CURRENT_TIMESTAMP,
    INDEX `idx_district_code` (`district_code`),
    INDEX `idx_city_id` (`city_id`),
    INDEX `idx_status` (`status`)
) ENGINE=InnoDB DEFAULT CHARSET=utf8mb4 AUTO_INCREMENT=100000 COMMENT='区县表';

-- 区县数据
INSERT INTO `district` (`id`, `district_code`, `district_name`, `city_id`, `sort`, `status`) VALUES
(100001, '110101', '东城区', 10001, 1, 1),
(100002, '110102', '西城区', 10001, 2, 1),
(100003, '110105', '朝阳区', 10001, 3, 1),
(100004, '110106', '丰台区', 10001, 4, 1),
(100005, '110107', '石景山区', 10001, 5, 1),
(100006, '110108', '海淀区', 10001, 6, 1),
(100007, '110109', '门头沟区', 10001, 7, 1),
(100008, '110111', '房山区', 10001, 8, 1),
(100009, '110112', '通州区', 10001, 9, 1),
(100010, '110113', '顺义区', 10001, 10, 1),
(100011, '110114', '昌平区', 10001, 11, 1),
(100012, '110115', '大兴区', 10001, 12, 1),
(100013, '110116', '怀柔区', 10001, 13, 1),
(100014, '110117', '平谷区', 10001, 14, 1),
(100015, '110118', '密云区', 10001, 15, 1),
(100016, '110119', '延庆区', 10001, 16, 1),
(100017, '120101', '和平区', 10002, 1, 1),
(100018, '120102', '河东区', 10002, 2, 1),
(100019, '120103', '河西区', 10002, 3, 1),
(100020, '120104', '南开区', 10002, 4, 1),
(100021, '120105', '河北区', 10002, 5, 1),
(100022, '120106', '红桥区', 10002, 6, 1),
(100023, '120110', '东丽区', 10002, 7, 1),
(100024, '120111', '西青区', 10002, 8, 1),
(100025, '120112', '津南区', 10002, 9, 1),
(100026, '120113', '北辰区', 10002, 10, 1),
(100027, '120114', '武清区', 10002, 11, 1),
(100028, '120115', '宝坻区', 10002, 12, 1),
(100029, '120116', '滨海新区', 10002, 13, 1),
(100030, '120117', '宁河区', 10002, 14, 1),
(100031, '120118', '静海区', 10002, 15, 1),
(100032, '120119', '蓟州区', 10002, 16, 1),
(100033, '310101', '黄浦区', 10026, 1, 1),
(100034, '310104', '徐汇区', 10026, 2, 1),
(100035, '310105', '长宁区', 10026, 3, 1),
(100036, '310106', '静安区', 10026, 4, 1),
(100037, '310107', '普陀区', 10026, 5, 1),
(100038, '310109', '虹口区', 10026, 6, 1),
(100039, '310110', '杨浦区', 10026, 7, 1),
(100040, '310112', '闵行区', 10026, 8, 1),
(100041, '310113', '宝山区', 10026, 9, 1),
(100042, '310114', '嘉定区', 10026, 10, 1),
(100043, '310115', '浦东新区', 10026, 11, 1),
(100044, '310116', '金山区', 10026, 12, 1),
(100045, '310117', '松江区', 10026, 13, 1),
(100046, '310118', '青浦区', 10026, 14, 1),
(100047, '310120', '奉贤区', 10026, 15, 1),
(100048, '310151', '崇明区', 10026, 16, 1),
(100049, '440103', '荔湾区', 10034, 1, 1),
(100050, '440104', '越秀区', 10034, 2, 1),
(100051, '440105', '海珠区', 10034, 3, 1),
(100052, '440106', '天河区', 10034, 4, 1),
(100053, '440111', '白云区', 10034, 5, 1),
(100054, '440112', '黄埔区', 10034, 6, 1),
(100055, '440113', '番禺区', 10034, 7, 1),
(100056, '440114', '花都区', 10034, 8, 1),
(100057, '440115', '南沙区', 10034, 9, 1),
(100058, '440117', '从化区', 10034, 10, 1),
(100059, '440118', '增城区', 10034, 11, 1),
(100060, '440303', '罗湖区', 10035, 1, 1),
(100061, '440304', '福田区', 10035, 2, 1),
(100062, '440305', '南山区', 10035, 3, 1),
(100063, '440306', '宝安区', 10035, 4, 1),
(100064, '440307', '龙岗区', 10035, 5, 1),
(100065, '440308', '盐田区', 10035, 6, 1),
(100066, '440309', '龙华区', 10035, 7, 1),
(100067, '440310', '坪山区', 10035, 8, 1),
(100068, '440311', '光明区', 10035, 9, 1),
(100069, '500101', '万州区', 10037, 1, 1),
(100070, '500102', '涪陵区', 10037, 2, 1),
(100071, '500103', '渝中区', 10037, 3, 1),
(100072, '500104', '大渡口区', 10037, 4, 1),
(100073, '500105', '江北区', 10037, 5, 1),
(100074, '500106', '沙坪坝区', 10037, 6, 1),
(100075, '500107', '九龙坡区', 10037, 7, 1),
(100076, '500108', '南岸区', 10037, 8, 1),
(100077, '500109', '北碚区', 10037, 9, 1),
(100078, '500110', '綦江区', 10037, 10, 1),
(100079, '500111', '大足区', 10037, 11, 1),
(100080, '500112', '渝北区', 10037, 12, 1),
(100081, '500113', '巴南区', 10037, 13, 1),
(100082, '500114', '黔江区', 10037, 14, 1),
(100083, '500115', '长寿区', 10037, 15, 1),
(100084, '500116', '江津区', 10037, 16, 1),
(100085, '500117', '合川区', 10037, 17, 1),
(100086, '500118', '永川区', 10037, 18, 1),
(100087, '500119', '南川区', 10037, 19, 1),
(100088, '500120', '璧山区', 10037, 20, 1),
(100089, '500151', '铜梁区', 10037, 21, 1),
(100090, '500152', '潼南区', 10037, 22, 1),
(100091, '500153', '荣昌区', 10037, 23, 1),
(100092, '500154', '开州区', 10037, 24, 1),
(100093, '500155', '梁平区', 10037, 25, 1),
(100094, '500156', '武隆区', 10037, 26, 1),
(100095, '320102', '玄武区', 10027, 1, 1),
(100096, '320104', '秦淮区', 10027, 2, 1),
(100097, '320105', '建邺区', 10027, 3, 1),
(100098, '320106', '鼓楼区', 10027, 4, 1),
(100099, '320111', '浦口区', 10027, 5, 1),
(100100, '320113', '栖霞区', 10027, 6, 1),
(100101, '320114', '雨花台区', 10027, 7, 1),
(100102, '320115', '江宁区', 10027, 8, 1),
(100103, '320116', '六合区', 10027, 9, 1),
(100104, '320117', '溧水区', 10027, 10, 1),
(100105, '320118', '高淳区', 10027, 11, 1),
(100106, '330102', '上城区', 10028, 1, 1),
(100107, '330105', '拱墅区', 10028, 2, 1),
(100108, '330106', '西湖区', 10028, 3, 1),
(100109, '330108', '滨江区', 10028, 4, 1),
(100110, '330109', '萧山区', 10028, 5, 1),
(100111, '330110', '余杭区', 10028, 6, 1),
(100112, '330111', '富阳区', 10028, 7, 1),
(100113, '330112', '临安区', 10028, 8, 1),
(100114, '330113', '临平区', 10028, 9, 1),
(100115, '330114', '钱塘区', 10028, 10, 1),
(100116, '330122', '桐庐县', 10028, 11, 1),
(100117, '330127', '淳安县', 10028, 12, 1),
(100118, '330182', '建德市', 10028, 13, 1),
(100119, '510104', '锦江区', 10039, 1, 1),
(100120, '510105', '青羊区', 10039, 2, 1),
(100121, '510106', '金牛区', 10039, 3, 1),
(100122, '510107', '武侯区', 10039, 4, 1),
(100123, '510108', '成华区', 10039, 5, 1),
(100124, '510112', '龙泉驿区', 10039, 6, 1),
(100125, '510113', '青白江区', 10039, 7, 1),
(100126, '510114', '新都区', 10039, 8, 1),
(100127, '510115', '温江区', 10039, 9, 1),
(100128, '510116', '双流区', 10039, 10, 1),
(100129, '510117', '郫都区', 10039, 11, 1),
(100130, '510118', '新津区', 10039, 12, 1),
(100131, '510121', '金堂县', 10039, 13, 1),
(100132, '510129', '大邑县', 10039, 14, 1),
(100133, '510131', '蒲江县', 10039, 15, 1),
(100134, '510181', '都江堰市', 10039, 16, 1),
(100135, '510182', '彭州市', 10039, 17, 1),
(100136, '510183', '邛崃市', 10039, 18, 1),
(100137, '510184', '崇州市', 10039, 19, 1),
(100138, '510185', '简阳市', 10039, 20, 1),
(100139, '420102', '江岸区', 10032, 1, 1),
(100140, '420103', '江汉区', 10032, 2, 1),
(100141, '420104', '硚口区', 10032, 3, 1),
(100142, '420105', '汉阳区', 10032, 4, 1),
(100143, '420106', '武昌区', 10032, 5, 1),
(100144, '420107', '青山区', 10032, 6, 1),
(100145, '420111', '洪山区', 10032, 7, 1),
(100146, '420112', '东西湖区', 10032, 8, 1),
(100147, '420113', '汉南区', 10032, 9, 1),
(100148, '420114', '蔡甸区', 10032, 10, 1),
(100149, '420115', '江夏区', 10032, 11, 1),
(100150, '420116', '黄陂区', 10032, 12, 1),
(100151, '420117', '新洲区', 10032, 13, 1),
(100152, '430102', '芙蓉区', 10033, 1, 1),
(100153, '430103', '天心区', 10033, 2, 1),
(100154, '430104', '岳麓区', 10033, 3, 1),
(100155, '430105', '开福区', 10033, 4, 1),
(100156, '430111', '雨花区', 10033, 5, 1),
(100157, '430112', '望城区', 10033, 6, 1),
(100158, '430121', '长沙县', 10033, 7, 1),
(100159, '430181', '浏阳市', 10033, 8, 1),
(100160, '430182', '宁乡市', 10033, 9, 1),
(100161, '410102', '中原区', 10031, 1, 1),
(100162, '410103', '二七区', 10031, 2, 1),
(100163, '410104', '管城回族区', 10031, 3, 1),
(100164, '410105', '金水区', 10031, 4, 1),
(100165, '410106', '上街区', 10031, 5, 1),
(100166, '410108', '惠济区', 10031, 6, 1),
(100167, '410122', '中牟县', 10031, 7, 1),
(100168, '410181', '巩义市', 10031, 8, 1),
(100169, '410182', '荥阳市', 10031, 9, 1),
(100170, '410183', '新密市', 10031, 10, 1),
(100171, '410184', '新郑市', 10031, 11, 1),
(100172, '410185', '登封市', 10031, 12, 1),
(100173, '610102', '新城区', 10042, 1, 1),
(100174, '610103', '碑林区', 10042, 2, 1),
(100175, '610104', '莲湖区', 10042, 3, 1),
(100176, '610111', '灞桥区', 10042, 4, 1),
(100177, '610112', '未央区', 10042, 5, 1),
(100178, '610113', '雁塔区', 10042, 6, 1),
(100179, '610114', '阎良区', 10042, 7, 1),
(100180, '610115', '临潼区', 10042, 8, 1),
(100181, '610116', '长安区', 10042, 9, 1),
(100182, '610117', '高陵区', 10042, 10, 1),
(100183, '610118', '鄠邑区', 10042, 11, 1),
(100184, '610122', '蓝田县', 10042, 12, 1),
(100185, '610124', '周至县', 10042, 13, 1),
(100186, '210102', '和平区', 10025, 1, 1),
(100187, '210103', '沈河区', 10025, 2, 1),
(100188, '210104', '大东区', 10025, 3, 1),
(100189, '210105', '皇姑区', 10025, 4, 1),
(100190, '210106', '铁西区', 10025, 5, 1),
(100191, '210111', '苏家屯区', 10025, 6, 1),
(100192, '210112', '浑南区', 10025, 7, 1),
(100193, '210113', '沈北新区', 10025, 8, 1),
(100194, '210114', '于洪区', 10025, 9, 1),
(100195, '210115', '辽中区', 10025, 10, 1),
(100196, '210123', '康平县', 10025, 11, 1),
(100197, '210124', '法库县', 10025, 12, 1),
(100198, '210181', '新民市', 10025, 13, 1),
(100199, '370102', '历下区', 10030, 1, 1),
(100200, '370103', '市中区', 10030, 2, 1),
(100201, '370104', '槐荫区', 10030, 3, 1),
(100202, '370105', '天桥区', 10030, 4, 1),
(100203, '370112', '历城区', 10030, 5, 1),
(100204, '370113', '长清区', 10030, 6, 1),
(100205, '370114', '章丘区', 10030, 7, 1),
(100206, '370115', '济阳区', 10030, 8, 1),
(100207, '370116', '莱芜区', 10030, 9, 1),
(100208, '370117', '钢城区', 10030, 10, 1),
(100209, '370124', '平阴县', 10030, 11, 1),
(100210, '370126', '商河县', 10030, 12, 1),
(100211, '350102', '鼓楼区', 10029, 1, 1),
(100212, '350103', '台江区', 10029, 2, 1),
(100213, '350104', '仓山区', 10029, 3, 1),
(100214, '350105', '马尾区', 10029, 4, 1),
(100215, '350111', '晋安区', 10029, 5, 1),
(100216, '350112', '长乐区', 10029, 6, 1),
(100217, '350121', '闽侯县', 10029, 7, 1),
(100218, '350122', '连江县', 10029, 8, 1),
(100219, '350123', '罗源县', 10029, 9, 1),
(100220, '350124', '闽清县', 10029, 10, 1),
(100221, '350125', '永泰县', 10029, 11, 1),
(100222, '350128', '平潭县', 10029, 12, 1),
(100223, '350181', '福清市', 10029, 13, 1),
(100224, '530102', '五华区', 10041, 1, 1),
(100225, '530103', '盘龙区', 10041, 2, 1),
(100226, '530111', '官渡区', 10041, 3, 1),
(100227, '530112', '西山区', 10041, 4, 1),
(100228, '530113', '东川区', 10041, 5, 1),
(100229, '530114', '呈贡区', 10041, 6, 1),
(100230, '530115', '晋宁区', 10041, 7, 1),
(100231, '530124', '富民县', 10041, 8, 1),
(100232, '530125', '宜良县', 10041, 9, 1),
(100233, '530126', '石林彝族自治县', 10041, 10, 1),
(100234, '530127', '嵩明县', 10041, 11, 1),
(100235, '530128', '禄劝彝族苗族自治县', 10041, 12, 1),
(100236, '530129', '寻甸回族彝族自治县', 10041, 13, 1),
(100237, '530181', '安宁市', 10041, 14, 1),
(100238, '520102', '南明区', 10040, 1, 1),
(100239, '520103', '云岩区', 10040, 2, 1),
(100240, '520111', '花溪区', 10040, 3, 1),
(100241, '520112', '乌当区', 10040, 4, 1),
(100242, '520113', '白云区', 10040, 5, 1),
(100243, '520115', '观山湖区', 10040, 6, 1),
(100244, '520121', '开阳县', 10040, 7, 1),
(100245, '520122', '息烽县', 10040, 8, 1),
(100246, '520123', '修文县', 10040, 9, 1),
(100247, '520181', '清镇市', 10040, 10, 1),
(100248, '450102', '兴宁区', 10036, 1, 1),
(100249, '450103', '青秀区', 10036, 2, 1),
(100250, '450105', '江南区', 10036, 3, 1),
(100251, '450107', '西乡塘区', 10036, 4, 1),
(100252, '450108', '良庆区', 10036, 5, 1),
(100253, '450109', '邕宁区', 10036, 6, 1),
(100254, '450110', '武鸣区', 10036, 7, 1),
(100255, '450123', '隆安县', 10036, 8, 1),
(100256, '450124', '马山县', 10036, 9, 1),
(100257, '450125', '上林县', 10036, 10, 1),
(100258, '450126', '宾阳县', 10036, 11, 1),
(100259, '450181', '横州市', 10036, 12, 1);
